model,oof_accuracy,oof_balanced_accuracy,oof_macro_f1,oof_weighted_f1,oof_macro_ovr_auc,oof_log_loss
Gradient Boosting,0.8096774193548387,0.43455718273500543,0.4524684541356668,0.7942567412476862,0.8439727792999596,0.6258462410517139
XGBoost,0.8096774193548387,0.4216353503452215,0.43857521806898825,0.7908961760204216,0.8481956173216614,0.57043738152692
SVM,0.8193548387096774,0.3911269605949121,0.4133587962535331,0.7773896717699773,0.8043938484782911,0.5774961262700534
Random Forest,0.7967741935483871,0.3913049260559634,0.3806511470985155,0.7769818466762439,0.849172188921767,0.6132628512933226
Multinomial Logistic,0.6774193548387096,0.3669836796747694,0.3492305085171284,0.7104405055563423,0.6733424439265033,1.2463566633991985
