cluster,n,pcs_n,pcs_rate,pcs_onset_median_days,pcs_onset_iqr_days
0,45,43,0.9555555555555556,43.0,66.0
1,266,27,0.10150375939849623,86.0,82.5
